time,seconds_elapsed,yaw,qx,qz,roll,qw,qy,pitch
1760657143532675300,0.07267529296875,2.1885978852558243,-0.04643747091050319,-0.8841377575543203,-0.0015252622613458407,-0.4564483764819715,-0.08831157326471673,0.1998800895215317
1760657143542709200,0.082709228515625,2.1885501433752697,-0.0465072207071493,-0.8841065098872622,-0.0014117937722699975,-0.4564528362177092,-0.08856460799938078,0.2003963846741975
1760657143552743200,0.0927431640625,2.1893950221151415,-0.046498510217683336,-0.8842925844841526,-0.001396093494424145,-0.4560749531497196,-0.08865698981080308,0.200552767168598
1760657143562777300,0.10277734375,2.1902651775923885,-0.0464288895379442,-0.8845073401532952,-0.0015589673592734498,-0.4557076086612149,-0.08843996185954414,0.20010025595129566
1760657143572811300,0.112811279296875,2.1905022691054294,-0.046102853546371385,-0.8846062497331817,-0.0012939197406174078,-0.45561073577782885,-0.08812064071163192,0.19922941681446152
1760657143582845200,0.12284521484375,2.190211141802057,-0.045798628628120785,-0.8845806080392274,-0.0009618505720980166,-0.45574168624689126,-0.08785919037992743,0.19848240716559606
1760657143592878300,0.13287841796875,2.1897257357158524,-0.04571285403731009,-0.8844798931928362,-0.0007897769357323052,-0.4559518276811649,-0.08782715997057791,0.19834641123376145
1760657143602912500,0.14291259765625,2.189280556648702,-0.04578603537068517,-0.8843621150962456,-0.0006958975340362983,-0.45613515232750096,-0.08802289572049399,0.19876364485670703
1760657143612946200,0.1529462890625,2.188911332212351,-0.045920987430322545,-0.8842521824311281,-0.0006534021956668383,-0.45628283686971577,-0.08829063956483837,0.1993663770503564
1760657143622980400,0.16298046875,2.1885886230556517,-0.04605838016019131,-0.8841565559137458,-0.0006841429347141631,-0.45641598338545275,-0.08848847768383404,0.19984650902612894
1760657143633014300,0.17301416015625,2.18828180244556,-0.04620937382216085,-0.8840701418364724,-0.0008486249306689838,-0.45655247263530874,-0.08856919333858658,0.20013002920101078
1760657143643048200,0.183048095703125,2.1879332587799043,-0.04635203482615976,-0.8839777221802834,-0.0010383016272638315,-0.4567106303487421,-0.08860182847496965,0.20032007877188562
1760657143653082400,0.193082275390625,2.1874622892645794,-0.046461650918350327,-0.8838585581540881,-0.0011291429404494875,-0.45691796971864296,-0.08866420848440537,0.20053288501592945
1760657143663116300,0.2031162109375,2.1868662420442195,-0.04658382458175937,-0.8837085993902902,-0.0012078593395467153,-0.45717875296230365,-0.08875025601653724,0.20079967154170128
1760657143673150200,0.213150146484375,2.186219589264801,-0.046717946415206435,-0.8835479050310531,-0.0013306243896879324,-0.45746488850444406,-0.0888060051776647,0.20102353597409775
1760657143683184400,0.223184326171875,2.185654623946426,-0.04681543305782636,-0.8834116005498494,-0.0014437556531934762,-0.45771721740390475,-0.0888102267352109,0.20112157991069715
1760657143693218300,0.23321826171875,2.18532297418804,-0.04683937004854363,-0.8833364572079612,-0.0014847905776533509,-0.4578663852008459,-0.08877587015193408,0.2010826378700992
1760657143703251500,0.24325146484375,2.185263802814061,-0.04684449154728967,-0.8833225094503889,-0.0014857394834579696,-0.4578924164017419,-0.08877826403123151,0.20109170195866305
1760657143713285000,0.25328515625,2.185376903303374,-0.046954995949860606,-0.8833350493803016,-0.001633150369838212,-0.45784391654100803,-0.08884449053636717,0.20131201691840214
1760657143723319300,0.2633193359375,2.1855634381063274,-0.0472106648110411,-0.8833463211128288,-0.001955486446949172,-0.45776379165215914,-0.08900982271634549,0.20184341815797455
1760657143733353500,0.273353515625,2.185855597738013,-0.047695490080860034,-0.8833566169540593,-0.002612171873755209,-0.457643333288206,-0.08926776152762966,0.20275186062226258
1760657143743387100,0.28338720703125,2.18627541281635,-0.04847435555937001,-0.883366999370525,-0.0037546958228092822,-0.4574800754008709,-0.08958257614346529,0.20403338165298798
1760657143753421300,0.29342138671875,2.18675532344358,-0.04951819477561195,-0.883363074239501,-0.005317353309311375,-0.4573013358807955,-0.08996238003954274,0.2056753910355832
1760657143763455500,0.30345556640625,2.187238868490277,-0.05068419289682572,-0.8833458950499864,-0.007077357301186186,-0.4571268963634941,-0.09036640120611551,0.2074730428467178
1760657143773489200,0.3134892578125,2.187724632029267,-0.05174926493282526,-0.8833383241329283,-0.008691073240292453,-0.4569490734737334,-0.09073503936103178,0.20911374422570572
1760657143783523300,0.3235234375,2.1881631353547375,-0.05256133158240167,-0.8833501219373778,-0.009980092868523902,-0.45678872212254895,-0.09096108245860779,0.2102657595486175
1760657143793557500,0.3335576171875,2.1885617048549086,-0.05287402984395223,-0.8834071197869312,-0.01051444670791481,-0.45662784188256966,-0.09103345617112191,0.21068184305055138
1760657143803590400,0.34359033203125,2.1891529115534287,-0.05263631337976223,-0.8835599515202183,-0.010116719329510363,-0.45635198429787016,-0.09107169314206774,0.2105276958664155
1760657143813624300,0.353624267578125,2.190137169352744,-0.05198702825462517,-0.8838336047604284,-0.008950464368187763,-0.4558725190589048,-0.0911903018644274,0.21013611387234907
1760657143823658200,0.363658203125,2.1912751256100833,-0.05103515641691548,-0.8841592139318195,-0.007123352118264288,-0.4552952484175855,-0.09145626672938878,0.20973010871726588
1760657143833692400,0.3736923828125,2.19223198509164,-0.04983019314927066,-0.8844505577218553,-0.004608928146942314,-0.45476177926856887,-0.09195645111460096,0.20951303011375463
1760657143843726300,0.383726318359375,2.1929504687660564,-0.048459964906359176,-0.8846863199386766,-0.0015586930765015005,-0.4543019760518396,-0.09269071032928938,0.20956590558437638
1760657143853760300,0.39376025390625,2.193537854501708,-0.047138566194829076,-0.8848729280609177,0.0016157019202243715,-0.4538826375031639,-0.09364036373473371,0.21005163397351354
1760657143863794400,0.40379443359375,2.1940648845003565,-0.04605369995392326,-0.8850080793267249,0.0046092017582399,-0.4534795033262515,-0.0948472264908179,0.21121693112270828
1760657143873828400,0.413828369140625,2.194427325668259,-0.04525354830719677,-0.8850575071133744,0.007457469424006331,-0.4531293004359655,-0.0964320224591408,0.21332141254348927
1760657143883862300,0.4238623046875,2.1945791683947093,-0.04472437683563846,-0.8850095938714733,0.01022317928739444,-0.45284569936053476,-0.09843036918000156,0.21641550136090612
1760657143893896400,0.433896484375,2.1946231044111224,-0.04441779102346762,-0.884895838333276,0.012905223348130003,-0.45258608095297126,-0.10075785498953554,0.22030387213987035
1760657143903930400,0.443930419921875,2.194783436418387,-0.04427826110548561,-0.8847823135139589,0.015405357698013876,-0.45226563056020774,-0.10322592657967276,0.2245995824882162
1760657143913964300,0.45396435546875,2.1952701283253133,-0.04441410680850207,-0.8847264697309073,0.017219981456921184,-0.4518307358075202,-0.10552498940509182,0.22884914072802007
1760657143923997400,0.46399755859375,2.1961202103511366,-0.044932865741922706,-0.8847443259098002,0.017918274229627558,-0.4513015963291282,-0.1074033336524679,0.2326999378340172
1760657143934031400,0.47403125,2.197190084860863,-0.04564851663402112,-0.8848093279522918,0.017988435967949433,-0.4507157801959685,-0.10901357067644663,0.23625310194619556
1760657143944065300,0.484065185546875,2.1983144927602956,-0.04633829030815229,-0.8848778235400763,0.018193836504064476,-0.45009152334206515,-0.11073185140722187,0.2399780059228622
1760657143954099500,0.494099365234375,2.199560163893857,-0.04709289116352337,-0.8849396638926439,0.018571958259327337,-0.4493810551837761,-0.1127861209123319,0.24436797991391854
1760657143964133400,0.50413330078125,2.2007278010482034,-0.048244173782071624,-0.8849324228791385,0.018376697282352434,-0.44871508122304243,-0.11498707688585297,0.24938430907130255
1760657143974167300,0.514167236328125,2.201080718744116,-0.049924535074852026,-0.8846933652246509,0.01727678952114951,-0.4484478872832734,-0.11713075329966696,0.2547739947115139
1760657143984201500,0.524201416015625,2.2001011521623646,-0.0518182145166331,-0.8841167316979316,0.01614266745215973,-0.448753811198311,-0.11946777519918132,0.26069710060535184
1760657143994235400,0.5342353515625,2.1974269602314767,-0.05360595878460047,-0.883130740294451,0.015855436885479704,-0.4497305424362792,-0.1222661984753733,0.2673438208327414
1760657144004269300,0.544269287109375,2.192479183090599,-0.05533361305348778,-0.8816053383070445,0.01636929573619316,-0.45163158327659464,-0.12545623880596551,0.27462560863934693
1760657144014303200,0.55430322265625,2.184851616887705,-0.05717765560563857,-0.8794457627449656,0.01722169323292431,-0.45466480864562003,-0.12878580471201218,0.28224612075502586
1760657144024336400,0.56433642578125,2.174459440651391,-0.05903580817182771,-0.876654523559263,0.01839851930727215,-0.4588778624202994,-0.1319950101234799,0.28964131221515016
1760657144034370300,0.574370361328125,2.161445293107085,-0.06039019070527782,-0.8733227111575647,0.020666649045890512,-0.46417557597094594,-0.13491300446444196,0.29601252265062455
1760657144044404200,0.584404296875,2.147095520863853,-0.06083241964559134,-0.8697961697315685,0.024359397797128906,-0.4699941757120119,-0.13732990458551014,0.3005858249306996
1760657144054438400,0.5944384765625,2.134074831349205,-0.06084625983671735,-0.8666735212568657,0.027674208110769392,-0.47532087741951107,-0.13872581131171247,0.30291417959875294
1760657144064472300,0.604472412109375,2.1242914712697667,-0.06088837817237542,-0.8644203561386464,0.028684805114760577,-0.4795199530996752,-0.13831375486563666,0.302090651430311
1760657144074506200,0.61450634765625,2.1184099297737293,-0.060987171660698704,-0.8633338365707325,0.02552153792909359,-0.4825665337858242,-0.13440579419545956,0.29520383723735544
1760657144084540400,0.62454052734375,2.1162165182858264,-0.060683728316857914,-0.8634350750105658,0.01865328511920594,-0.484522064666771,-0.12663268346108125,0.2811736615233356
1760657144094574300,0.63457421875,2.117453608996222,-0.059844380861909796,-0.8646008667854054,0.009049699496545974,-0.48529851460150913,-0.1156258926245284,0.2609777040357718
1760657144104608300,0.644608154296875,2.121484670876099,-0.05850039626393876,-0.8666076947404714,-0.0027884721101563825,-0.48499344527615545,-0.10173551507575417,0.23523773317671448
1760657144114642400,0.654642333984375,2.127352072597513,-0.05651341418369519,-0.869147736248878,-0.01579120428509539,-0.48380800506084554,-0.08554686678751153,0.20481804916645852
1760657144124676400,0.66467626953125,2.133576048574348,-0.0537071964158971,-0.8717646784714708,-0.028337201033903685,-0.48217970951303796,-0.06815104552831136,0.17145519688973454
1760657144134709200,0.674709228515625,2.13887003618397,-0.0505483260647421,-0.8740085910657129,-0.03980631442894,-0.48058422878007917,-0.050919320854524955,0.1380311961113024
1760657144144743200,0.6847431640625,2.1425157724261896,-0.0478967353303491,-0.8756008698236741,-0.05046499582118056,-0.4793657389668365,-0.035177429326249274,0.10773115035855704
1760657144154777300,0.69477734375,2.144518534121481,-0.04620695351933955,-0.8765412995227317,-0.060443556233835675,-0.47861046314484074,-0.021732619059964174,0.08242263034597988
1760657144164811300,0.704811279296875,2.145251118545351,-0.04517649040361252,-0.8769964987369249,-0.06911106212885657,-0.47824683338618873,-0.01078585055334732,0.06216937332082256
1760657144174845200,0.71484521484375,2.144866128933873,-0.044480325495542275,-0.8770753530706521,-0.07630460153228881,-0.47828487368509365,-0.001960408626163815,0.04600361066823351
1760657144184879400,0.72487939453125,2.143180003630452,-0.04374066596943011,-0.8767880135302986,-0.08165217641581246,-0.4788572042445461,0.005026827941616341,0.033082175090904234
1760657144194913300,0.734913330078125,2.1400901245489323,-0.04263361280169102,-0.8761452514748445,-0.0847247870729482,-0.4800474509733553,0.010306112530566134,0.02287500609242718
1760657144204947200,0.744947265625,2.1360067749767913,-0.04127011326737801,-0.8752501679278311,-0.08590955368525786,-0.481701217083188,0.014065501415982142,0.01513864086253385
1760657144214981400,0.7549814453125,2.131415129732452,-0.039988200697484516,-0.8742095462351417,-0.08579446182223356,-0.48362458236504446,0.016302604135727105,0.010174944962737851
1760657144225015300,0.765015380859375,2.127090836170021,-0.03900747295470616,-0.8732064385649224,-0.08432967707031797,-0.4855038255417019,0.016584072674452506,0.008914034665611822
1760657144235049200,0.77504931640625,2.123488236927944,-0.038822316243972615,-0.8723325935351111,-0.08226679226195745,-0.48714388402009207,0.01481717797112457,0.011973379352156914
1760657144245082400,0.785082275390625,2.1193335562721987,-0.038506375533775096,-0.8713254430883937,-0.07995695501324146,-0.489018431102032,0.013046256729222947,0.01492613807664402
1760657144255116300,0.7951162109375,2.115383042718411,-0.03777581174523511,-0.8703810801891122,-0.07658935897709061,-0.49080549446079197,0.010944623559011844,0.018030142248791257
1760657144265150200,0.805150146484375,2.1114001752693974,-0.03668672912008652,-0.8694373875778115,-0.07215543998406129,-0.4926073881296352,0.008406808612328944,0.021527582926781
1760657144275184400,0.815184326171875,2.107426166639831,-0.03547794462858472,-0.8684949384826255,-0.06750957178552455,-0.494391772608423,0.005878545950055449,0.02487159722756541
1760657144285218300,0.82521826171875,2.1040024202798646,-0.03437725419801852,-0.8676802813908913,-0.06337142746424779,-0.4959189525947326,0.0036777814592850507,0.027717935958281526
1760657144295252200,0.835252197265625,2.101093641919672,-0.033142614874198645,-0.8669972741017506,-0.059349179435851274,-0.4972061203564282,0.0018291342951185815,0.029790119041734786
1760657144305286400,0.845286376953125,2.0983859331216976,-0.031784006918609,-0.8663694527972137,-0.055604136856335834,-0.4983909847585543,0.00047717757862354715,0.03085979873106529
1760657144315320300,0.8553203125,2.0955656228675994,-0.03033821507437546,-0.865715586125889,-0.05200584146054388,-0.49961560443330744,-0.0005720472854532943,0.031310467420195505
1760657144325354200,0.865354248046875,2.092800537119972,-0.029030241778452377,-0.8650666141263883,-0.04868670933335105,-0.5008137638100788,-0.0015807687584092317,0.031817798158273465
1760657144335388400,0.875388427734375,2.0902382054722723,-0.02819814125719486,-0.8644467055279226,-0.04611101295722021,-0.5019257988119784,-0.0026716087744675476,0.03293162798391863
1760657144345422300,0.88542236328125,2.0879659979675265,-0.028000207514236347,-0.8638725979840912,-0.04446296752232519,-0.5029161940864715,-0.003933134800996811,0.034966095001978725
1760657144355455500,0.89545556640625,2.086097752319772,-0.02825385048143447,-0.8633799956455191,-0.04343782298880991,-0.503734040757119,-0.005354355052027602,0.03771948227764455
1760657144365489200,0.9054892578125,2.0847022867187905,-0.02857981226140185,-0.8630025375308144,-0.04259436800073879,-0.5043456554431228,-0.006723794753635475,0.04044453752510263
1760657144375523300,0.9155234375,2.0835978422612107,-0.028653384363270817,-0.8627102380742521,-0.041629769915962365,-0.5048261271252722,-0.007783615536946358,0.042372642197122626
1760657144385557500,0.9255576171875,2.082397818574232,-0.028466122939702458,-0.8624122987260573,-0.04106135425418287,-0.5053422747924773,-0.008000978608447827,0.042583423943534364
1760657144395591200,0.935591064453125,2.0813395448649845,-0.028014110413006072,-0.8621690660819595,-0.040927240473630104,-0.5057924025669239,-0.007339352629760168,0.04100566465707048
1760657144405625300,0.945625244140625,2.080654601427322,-0.027225640132640384,-0.8620349401735025,-0.04053221905962548,-0.5060769920595228,-0.006370462099140789,0.03854920887080623
1760657144415659500,0.955659423828125,2.0800933364839604,-0.026262212482166414,-0.8619352710785354,-0.03967581776660233,-0.5063070335900242,-0.005563046987515514,0.03619135876449739
1760657144425693200,0.965693115234375,2.0794844711935005,-0.02546587163993153,-0.8618140292391274,-0.03888096184350275,-0.5065601400174886,-0.004980167990185031,0.034390727002286306
1760657144435727400,0.975727294921875,2.0789216149630403,-0.024842577200758657,-0.8616942669129742,-0.037995732396909815,-0.5067966514510116,-0.0047830283902165404,0.033429512240830135
1760657144445761300,0.98576123046875,2.0783993511678607,-0.024274730772062166,-0.8615781195511537,-0.036667359018492364,-0.50701858933493,-0.005118656455444317,0.03344195734658885
1760657144455795200,0.995795166015625,2.0779203699835915,-0.02368262005919428,-0.8614705097408785,-0.03496515058777838,-0.5072220222846997,-0.005782406348461963,0.033993984780127606
1760657144465828400,1.005828369140625,2.0776422176462717,-0.023005728272221426,-0.8614171209765278,-0.033240579946994475,-0.50733747546328,-0.006327237760222217,0.0342508143925935
1760657144475862300,1.0158623046875,2.0774923114757753,-0.022128949192521234,-0.8614052331638459,-0.03159619780571253,-0.5073949155610196,-0.006455384101693846,0.03358394867221157
1760657144485896400,1.025896484375,2.0772976329828015,-0.021065271496406992,-0.8613905462027792,-0.03015120329794005,-0.5074698563183331,-0.00606883016629708,0.031840626329713136
1760657144495930000,1.03593017578125,2.0770963602128343,-0.019923965106645007,-0.8613775676359576,-0.028994868175588828,-0.5075469405343455,-0.005266263609619083,0.02930137044467523
1760657144505964300,1.04596435546875,2.076959822098194,-0.018793772731339784,-0.8613793735839379,-0.02802217208440072,-0.5075962271984795,-0.004303091128168587,0.026495584092497353
1760657144515998500,1.05599853515625,2.076752100385465,-0.017713105682549402,-0.8613588263252983,-0.0270574189511888,-0.5076765647298651,-0.0034158268348739415,0.023871829693193344
1760657144526032100,1.0660322265625,2.0764176760472326,-0.016860062022138682,-0.8612982752469355,-0.02640550880365788,-0.5078131292083542,-0.0026060880697717005,0.021614442975688243
1760657144536066300,1.07606640625,2.0759988720533595,-0.01624240465633019,-0.8612089897181553,-0.02602120163296449,-0.507987659589656,-0.0019321932119357934,0.019831226420038827
1760657144546100500,1.0861005859375,2.075474364490046,-0.015739458886540957,-0.861088885793739,-0.025679139078526092,-0.5082089123792533,-0.001411023387156543,0.018428942816988432
1760657144556134100,1.096134033203125,2.0748804890559223,-0.015303999414894767,-0.8609488735129884,-0.025393569122141486,-0.5084604218647714,-0.000948782439140836,0.017197510035674535
1760657144566167300,1.106167236328125,2.074227293132393,-0.014962409989847606,-0.8607920759944462,-0.025451391436895336,-0.5087366352474625,-0.0003081776948567427,0.01575505784582354
1760657144576201200,1.116201171875,2.0733528755391837,-0.014666994363918258,-0.8605789671080014,-0.02599970857530376,-0.5091052544160525,0.0007367219248108175,0.013666498426710999
1760657144586235400,1.1262353515625,2.0720472220379627,-0.014315669249026159,-0.8602570687531756,-0.02681691297333312,-0.5096550277388451,0.002140459482248883,0.01090963122598387
1760657144596269300,1.136269287109375,2.0702268326258695,-0.01393093576721585,-0.8598030402377245,-0.02769043219827375,-0.5104227912783924,0.003654127177315985,0.007937758282693169
1760657144606303200,1.14630322265625,2.067944476458133,-0.013837537874828384,-0.8592237257150438,-0.028967786369126742,-0.5113877123684996,0.00506878097169778,0.0054422867999129685
1760657144616337400,1.15633740234375,2.0652406747320105,-0.014391274623205486,-0.8585234097966463,-0.031211865203405163,-0.512533262032466,0.006337219618869166,0.0038707207287209974
1760657144626371300,1.166371337890625,2.062044863155493,-0.01567131692923963,-0.85768102241057,-0.034558592607835725,-0.5138892012221128,0.007462253579340158,0.00330618054211308
1760657144636405200,1.1764052734375,2.0583218183801724,-0.0174489485067502,-0.8566881447326047,-0.03854946232647769,-0.5154713860449338,0.008383634532123641,0.003624554652916686
1760657144646439400,1.186439453125,2.05443490382189,-0.01960693313489672,-0.8556368823155377,-0.04284711137475248,-0.5171271410675417,0.008973279693040863,0.004922836316477772
1760657144656473300,1.196473388671875,2.0509226868335486,-0.02202331908923948,-0.8546664015584802,-0.04718214181833388,-0.5186289978356557,0.009176355175753785,0.007158480039406342
1760657144666507300,1.20650732421875,2.047808173822252,-0.02440632201585228,-0.8537890000136507,-0.05093714211322182,-0.5199708902116187,0.008882000482689546,0.010214622979127492
1760657144676540400,1.21654052734375,2.0450730536382484,-0.026626070002690926,-0.8530046577667849,-0.053993257994269,-0.5211593244124563,0.008190950851693187,0.013779446906364115
1760657144686574300,1.22657421875,2.0428416708947195,-0.02874999888469586,-0.8523464056615433,-0.05692077759388995,-0.5221324723799196,0.007538068077934565,0.017173369662608365
1760657144696608300,1.236608154296875,2.0411231293461345,-0.0306424321844149,-0.8518242584678727,-0.05964998122243191,-0.5228827844294744,0.007074975441487689,0.019992860985730308
1760657144706642400,1.246642333984375,2.0400350866159056,-0.031996637145953494,-0.8514834994802964,-0.06147252292237945,-0.5233624924886668,0.0066201077946049765,0.022219682749540063
1760657144716676400,1.25667626953125,2.0398400222641433,-0.032677312675521555,-0.851401470728432,-0.06204845620762101,-0.5234606267956271,0.006063430071584624,0.02388801842376793
1760657144726710300,1.266710205078125,2.040598219696092,-0.03260128014950007,-0.8515981930282533,-0.060986661693348924,-0.5231550009812956,0.005163810495770789,0.025318767092765135
1760657144736744400,1.276744384765625,2.0426118625250274,-0.031766332231241805,-0.8521513192089761,-0.05815150187716476,-0.5223167509694396,0.0037893954042304404,0.02672908092088784
1760657144746778400,1.2867783203125,2.0459941597315248,-0.030342813417394077,-0.8530803499017149,-0.05395455445183368,-0.5208924756537542,0.0020516265810376247,0.02811398513995908
1760657144756812300,1.296812255859375,2.0504997403361203,-0.028453115974686916,-0.8543117061755907,-0.04871366803793229,-0.5189817388492266,0.00005553128432635192,0.02944266680206544
1760657144766846500,1.306846435546875,2.0557324844945764,-0.026262534990879938,-0.8557315144247261,-0.0428402486385287,-0.5167489584607446,-0.0020710068341883046,0.03069154503232694
1760657144776880400,1.31688037109375,2.061402218576161,-0.024109088923083652,-0.8572510236625017,-0.03712275428357538,-0.5143174725053689,-0.004121678431867824,0.03187147298592005
1760657144786913300,1.326913330078125,2.0673652475437154,-0.022153018228989643,-0.858828263334955,-0.031969558869784497,-0.5117496443641909,-0.005964328528627543,0.03292421423191033
1760657144796947200,1.336947265625,2.073550400076097,-0.02036477706362174,-0.8604468495852376,-0.02739220541561473,-0.5090774420197276,-0.007535588060905192,0.03370882668624506
1760657144806981400,1.3469814453125,2.0799456694742617,-0.018700652914623882,-0.8621058029650239,-0.023389969585894833,-0.5063074519075913,-0.008759103847477122,0.03404568509076712
1760657144817015300,1.357015380859375,2.086681006786197,-0.016998192261493513,-0.8638415701970249,-0.01964215624633469,-0.5033838981014996,-0.009672374737083196,0.03383048412828398
1760657144827049200,1.36704931640625,2.0939249765379047,-0.015165612107406433,-0.8656960412333538,-0.01591194343527467,-0.5002333174281092,-0.010350233936615043,0.03309904526129299
1760657144837083400,1.37708349609375,2.101818397345869,-0.013219340937169314,-0.8676993045026187,-0.012076887187926247,-0.49679325922957324,-0.010940631432827967,0.03212644155061737
1760657144847117300,1.387117431640625,2.110442005087551,-0.01130030830697564,-0.8698633530860105,-0.008225887706522857,-0.4930268376430194,-0.011599459210860428,0.031327723561241534
1760657144857151200,1.397151123046875,2.119782189344648,-0.00969508542682032,-0.872175967497841,-0.004791461652911632,-0.4889389852384641,-0.012396757602826219,0.03110993650882487
1760657144867185400,1.407185302734375,2.1293127468951165,-0.008668817683659966,-0.8745044785674781,-0.0023860940182112906,-0.4847608994463762,-0.013178588330568432,0.031459265619997755
1760657144877219300,1.41721923828125,2.1385372759478134,-0.00818736153201014,-0.8767323785208297,-0.0011254082276372901,-0.4807119461927098,-0.013762314924906436,0.03200872471021188
1760657144887253200,1.427253173828125,2.147004997720472,-0.007783343422746428,-0.8787621168626109,-0.0002516414904060988,-0.4769890140365035,-0.014075694613663047,0.032169061063906663
1760657144897286400,1.437286376953125,2.1541235587767615,-0.007063631858761108,-0.8804631748450233,0.0009168544765262873,-0.4738525280050908,-0.014091868014433136,0.03151419742966327
1760657144907320300,1.4473203125,2.159800032612428,-0.005984739785553486,-0.8818191521424432,0.0025026909390361432,-0.47134626970313637,-0.013850192393786863,0.030073032113075562
1760657144917354200,1.457354248046875,2.164478443525184,-0.004597969459618083,-0.8829370415342428,0.004458571485844488,-0.46927767153411065,-0.013399579079223132,0.02798106933154365
1760657144927388400,1.467388427734375,2.1687650642396,-0.002707888793145893,-0.8839589938368682,0.007368095842174967,-0.4673759549946072,-0.01300126306610946,0.02551914075860948
1760657144937422300,1.47742236328125,2.1734145523311623,0.0008395168457411264,-0.8850558956402262,0.014080686321517691,-0.46528730048051914,-0.01352970849760599,0.02316993654929813
1760657144947456300,1.487456298828125,2.1788973291729206,0.006683509996190537,-0.8863106525975837,0.02611409577494412,-0.46278662523488295,-0.015404476440509466,0.021121795539046667
1760657144957490200,1.497490234375,2.1854787911623683,0.0138269236972475,-0.8877533187014833,0.041029119204572355,-0.45976343742165543,-0.017900896996951143,0.0190700893410283
1760657144967524400,1.5075244140625,2.1934047649232014,0.020887475779926733,-0.8894392060870322,0.05542444669937176,-0.4561383459498256,-0.019985446559103556,0.01649727044081931
1760657144977558300,1.517558349609375,2.202104341816452,0.026793116506110947,-0.8912685999070522,0.06645055860446422,-0.4522144623660319,-0.02060609880967754,0.012498993559121891
1760657144987592200,1.52759228515625,2.209917995410375,0.031069132187469744,-0.8929017573150032,0.07290114663320355,-0.44876222104536345,-0.01933275476254104,0.006639244645357379
1760657144997626400,1.53762646484375,2.215228904572723,0.03352218208631724,-0.8940070712098522,0.07452082447528208,-0.446501453829989,-0.016252697416872224,-0.0008753533521417524
1760657145007659300,1.5476591796875,2.217098614670916,0.03426284821475901,-0.8943896588726926,0.07204758660402662,-0.44581306581124075,-0.01199338897201553,-0.00909625010872429
1760657145017693200,1.557693115234375,2.2156072295296214,0.033753431633657946,-0.8940600666536579,0.06723262567650855,-0.4466082708826871,-0.007632693958194868,-0.016501698647064033
1760657145027727400,1.567727294921875,2.2118281195558644,0.03248110782203725,-0.8932453191220775,0.061905428987275184,-0.4483744653557522,-0.004264727651300071,-0.021510161391149866
1760657145037761300,1.57776123046875,2.207210018839862,0.030760301689245692,-0.8922609832728045,0.057094910536840335,-0.4504646686538421,-0.00239283949707983,-0.02344493132122416
1760657145047795200,1.587795166015625,2.2034327545590204,0.02901294297192768,-0.8914698308751678,0.05354688838747971,-0.4521460749042332,-0.0019674512580001623,-0.022730286968877654
1760657145057829400,1.597829345703125,2.2017811950990582,0.028215641292960274,-0.8911286266406028,0.052743883251618086,-0.4528647436765351,-0.0026724346570826847,-0.020794270819377902
1760657145067863300,1.60786328125,2.2027018481435627,0.029179199621911175,-0.8913100412973705,0.05551217112552654,-0.4524382741527571,-0.0038210599175913652,-0.01959332890795243
1760657145077897200,1.617897216796875,2.2057598983530196,0.0315646602300593,-0.8919168189887259,0.06040169014251249,-0.4510742608104801,-0.004485083235253057,-0.020476800172660264
1760657145087931400,1.627931396484375,2.2101341124258536,0.03447965936620026,-0.8927841508894184,0.06558212368266612,-0.4491417792936631,-0.004399303272082579,-0.023119314142685032
1760657145097965300,1.63796533203125,2.2151074921049805,0.03733437325734215,-0.893769555914956,0.07022290188276187,-0.4469536109673677,-0.0038077591427049056,-0.026570073648677108
1760657145107998500,1.64799853515625,2.2200973886177713,0.039617689280577344,-0.894767364102229,0.07356672842476743,-0.44476222365445744,-0.0028890927834604135,-0.03007530505931532
1760657145118032100,1.6580322265625,2.2249096485348265,0.04092271467444577,-0.8957600905892764,0.0749507818752706,-0.4426468717030939,-0.001723297514945381,-0.03314737075707694
1760657145128066300,1.66806640625,2.2295943960497633,0.04104645028486872,-0.8967749405253265,0.07404213590276176,-0.44057895405943553,-0.00035057688618227677,-0.03554711286882448
1760657145138100500,1.6781005859375,2.234020922111462,0.039800160909296806,-0.8977944449581788,0.07051839979068573,-0.43861094109920057,0.001200592549133837,-0.03707783768196709
1760657145148134100,1.688134033203125,2.2380014715580754,0.0373418337846641,-0.8987673662789849,0.0647748652857381,-0.43682383818063847,0.002792363920690083,-0.037651873101182676
1760657145158168300,1.698168212890625,2.2416164917797903,0.03409148159382909,-0.8996872234602966,0.05777972952111269,-0.43518184226804857,0.004177220555368705,-0.03719694856121209
1760657145168202000,1.708201904296875,2.2447062710915486,0.03086727092666076,-0.9004822280642869,0.051218580163251724,-0.43376594574502403,0.005103904358625285,-0.03597805355454155
1760657145178235600,1.718235595703125,2.2473870650162624,0.02812133471591307,-0.9011621703493045,0.045899192120684947,-0.43253296135203323,0.005580871185415422,-0.034392127883133325
1760657145188269800,1.728269775390625,2.2499082272386928,0.026079269400367224,-0.901777039485413,0.04213206122766028,-0.43137619547155487,0.005724088438210584,-0.032829551932125174
1760657145198303700,1.7383037109375,2.2520856056031002,0.02491619272043147,-0.9022860454512527,0.040180958000336074,-0.43038113240834247,0.005591439966844988,-0.031542305057889394
1760657145208337700,1.748337646484375,2.25391242358171,0.024351612109662673,-0.9026993170268245,0.039405889573885876,-0.4295490796102537,0.005339408350057725,-0.030564944499528783
1760657145218370800,1.758370849609375,2.2554625915820568,0.02396922973140781,-0.9030458735938137,0.03890461419711823,-0.42884403323008957,0.005145414414249445,-0.029855647968283643
1760657145228404700,1.76840478515625,2.2566991776380885,0.023597008616083433,-0.9033230556547392,0.03831346131224089,-0.4282814662643555,0.005071296195487702,-0.02937858638380181
1760657145238439000,1.77843896484375,2.257052607299923,0.02334539756893446,-0.9034061646077991,0.03784423115122338,-0.42811963417612336,0.005093996045153489,-0.029197289175454395
1760657145248472800,1.788472900390625,2.2562504956655745,0.02338353696973695,-0.9032341935411249,0.03799139914948751,-0.42848153606286815,0.004989002732793616,-0.029055391395981386
1760657145258506800,1.7985068359375,2.2546533390294643,0.023712605615668195,-0.9028870918178236,0.03907788382101663,-0.4292008492799963,0.004388735377744583,-0.028283776869297533
1760657145268541000,1.808541015625,2.2528966066471856,0.02403876712378191,-0.9025097318855003,0.04063856771490221,-0.4299859565274258,0.003229558566969774,-0.026505183939411297
1760657145278574600,1.81857470703125,2.2514630859308777,0.02412628508803516,-0.902210398760814,0.042064715975645255,-0.430617250572441,0.0017343460643201986,-0.02391015736777216
1760657145288608800,1.82860888671875,2.250378126014535,0.02413499063569957,-0.9019871773950507,0.043380511877960666,-0.43108772844587273,0.00021078461832017218,-0.02119043246092701
1760657145298643000,1.838642822265625,2.2495089496734857,0.024241077828479483,-0.9018040444487114,0.04458996284008472,-0.4314636302413383,-0.0009799311301488054,-0.01915204597847789
1760657145308676600,1.848676513671875,2.2486235467597417,0.024388678504420856,-0.9016119850073283,0.045359349249880755,-0.4318549115580755,-0.0015723012918142083,-0.018230539630623807
1760657145318709800,1.858709716796875,2.2476507615307053,0.024373612293436903,-0.9014026689855155,0.045401169525540866,-0.43229203645076675,-0.001662394873825055,-0.018077047154690565
1760657145328743700,1.86874365234375,2.246788310882618,0.02426238612226487,-0.9012187701561203,0.04509932022827964,-0.43268189909103305,-0.0015544160505150165,-0.01819505669123757
1760657145338777900,1.87877783203125,2.246098153549736,0.02402533958512742,-0.9010754217771203,0.044521534297396,-0.43299423685568905,-0.0013881075888581603,-0.01830511014879827
1760657145348811800,1.888811767578125,2.24558098755994,0.023618977185785074,-0.9009742896803669,0.04364407025868437,-0.4332273480005718,-0.0012265656668432685,-0.018255579414145167
1760657145358845700,1.898845703125,2.2453444806734737,0.023184425784305348,-0.9009351523780307,0.042797084052717906,-0.43333259306138155,-0.0011558706559427695,-0.01801137950527162
1760657145368879900,1.9088798828125,2.2456017444665433,0.02260500250845381,-0.9010072134698673,0.04176845413249531,-0.43321311529516215,-0.001171934062827574,-0.017474614361295302
1760657145378913800,1.918913818359375,2.2463079942411186,0.02152767083561418,-0.9011891944942154,0.03980392949054168,-0.4328895883331234,-0.0011399428515383794,-0.016584360990804087
1760657145388947700,1.92894775390625,2.2472129254267523,0.02004761573422596,-0.9014223095150568,0.03707727763590535,-0.432475127033776,-0.0010655411134628148,-0.015419796313873484
1760657145398982000,1.93898193359375,2.24820120239422,0.018445998789846586,-0.9016729569606903,0.03405400145510063,-0.432024008311996,-0.0009020521762602849,-0.014312005154139695
1760657145409015800,1.949015869140625,2.249272675047616,0.017103863940074387,-0.9019319165835591,0.031298803786949866,-0.4315392157562384,-0.0005070824924311643,-0.013847710860182926
1760657145419049700,1.9590498046875,2.250323791766774,0.016301839814315097,-0.902172155776849,0.029274952452724354,-0.4310679768804191,0.00016978677843034376,-0.014361249676286237
1760657145429083000,1.969082763671875,2.2515008238018295,0.01588094184108577,-0.9024303931835063,0.02782938765357885,-0.43054173563341586,0.0009759901113882476,-0.015436955903552662
1760657145439116800,1.97911669921875,2.2529572581078567,0.01543362128674537,-0.9027497477327288,0.026545228909184884,-0.4298864404822029,0.0015430879128818691,-0.016056143354955445
1760657145449150700,1.989150634765625,2.2545149087198184,0.014652430513439774,-0.9030991271430742,0.025134672874658714,-0.42917940449547737,0.0015566262598958338,-0.015389225864309162
1760657145459185000,1.999184814453125,2.255927156545438,0.013546288438760365,-0.9034240335333202,0.023595335190363994,-0.4285330236012995,0.0010326877603649943,-0.013476381680513135
1760657145469218800,2.00921875,2.257160828474688,0.012264811766281237,-0.9037117579514296,0.021929054609448904,-0.4279656156357191,0.0002824301100427966,-0.011008528607282837
1760657145479252700,2.019252685546875,2.257876551039875,0.011099130548521062,-0.9038842787940452,0.020557256359679907,-0.427632694481178,-0.0005734059997318471,-0.008456217648978958
1760657145489287000,2.029286865234375,2.2581259526954383,0.010304159708272575,-0.9039506820100219,0.02022250018371754,-0.4275085341497021,-0.0018618550187453496,-0.005444209090878866
1760657145499320800,2.03932080078125,2.259341362399036,0.009113261886935729,-0.9042256146916626,0.01961756629647979,-0.4269421137695385,-0.0036719328970583804,-0.0011411592724671683
1760657145509354800,2.049354736328125,2.261560787108699,0.007173557910761805,-0.9047138823770626,0.018401978719959914,-0.42591183465508636,-0.006363566575355409,0.005403833922655154
1760657145519389000,2.059388916015625,2.2644458018326903,0.004650026580061105,-0.9053274339383974,0.017161220278870796,-0.4245642855965145,-0.010291649900840649,0.01468668354283608
1760657145529422800,2.0694228515625,2.2678547238466362,0.0020668163149892686,-0.9060201768081675,0.016544100828071156,-0.42295908910585395,-0.015122912320865083,0.025657784985495348
1760657145539456000,2.0794560546875,2.2711544350740023,-0.00001696275201621278,-0.9066576560591594,0.01705274236612242,-0.42138046971582827,-0.020256229473272838,0.03675350061507599
1760657145549489700,2.08948974609375,2.274339236529252,-0.0017571820648225709,-0.9072515415394015,0.017769136812946205,-0.41984487640963375,-0.02493446206979216,0.046736158269125555
1760657145559523800,2.09952392578125,2.277788156609265,-0.003676884309377294,-0.9078896550614728,0.017423094181080886,-0.41820386991738906,-0.028780138764692355,0.05536203102347854
1760657145569558000,2.10955810546875,2.281589954055754,-0.005819804922611351,-0.908580553577315,0.016490139638003103,-0.4164059709421564,-0.032457858555313766,0.06387138015203465
1760657145579591700,2.119591796875,2.2855870280185875,-0.00795600332803461,-0.9092752438117416,0.01604506570847458,-0.4144927916966448,-0.036755101894359606,0.07350258720789257
1760657145589625900,2.1296259765625,2.289465174137212,-0.009967036648211547,-0.9098958820318658,0.016580273144528007,-0.41258452208135976,-0.04200100114377287,0.08475901569664374
1760657145599660000,2.139659912109375,2.2932936647185724,-0.011481156591152949,-0.9104531877945489,0.01887722745934275,-0.4106180529825227,-0.04833250474621287,0.0975925494939131
1760657145609693700,2.149693603515625,2.297501600687342,-0.012312729182081995,-0.9110404414859238,0.023034298954038336,-0.408380085102079,-0.05549277186646114,0.11139912880629488
1760657145619728000,2.159727783203125,2.3023298506021783,-0.012389282219829881,-0.9117220227482765,0.028747872368540064,-0.40576224354650386,-0.06298024287132348,0.12522215778872373
1760657145629761800,2.16976171875,2.3078565282805497,-0.011969346220011041,-0.9125136142045978,0.03531793402624899,-0.40274112119508565,-0.07053576297444386,0.13881618424154382
1760657145639795000,2.179794921875,2.313972753919598,-0.011441556059842874,-0.9133802173960429,0.04197840026808329,-0.3993828432346986,-0.07809637320290987,0.15239163975388215
1760657145649828900,2.189828857421875,2.3200990480097854,-0.011000103003045915,-0.9142040630759164,0.0483096959955377,-0.39597128718852626,-0.08553752557467656,0.16586848323493672
1760657145659862800,2.19986279296875,2.3254246379777386,-0.010776470803204463,-0.9148335254031417,0.054000973395377704,-0.39290410635218137,-0.09268127168886385,0.1789984430382756
1760657145669897000,2.20989697265625,2.3297231471841164,-0.010674336485648084,-0.9152489124254346,0.05910585644856667,-0.39030820118451626,-0.09932294789518509,0.1913078040564387
1760657145679931000,2.219930908203125,2.3332426168711433,-0.010449199175553085,-0.9155449821565042,0.06377023659510814,-0.3881056849865537,-0.10508226660901111,0.20189466508416382
1760657145689964800,2.22996484375,2.3364919150443315,-0.009868606047229469,-0.9158613897199142,0.06818136050025551,-0.3860918601851448,-0.10969794985968052,0.2100988841150243
1760657145699999000,2.2399990234375,2.3397133158277827,-0.009483735675803118,-0.9162423289941029,0.07121004316109211,-0.38422628619071175,-0.11304975579481256,0.21612843251168332
1760657145710032600,2.25003271484375,2.342190294147653,-0.009980523745673356,-0.9165414359228907,0.07157169694855385,-0.3829162624665076,-0.11500995228695293,0.22024240934614905
1760657145720066800,2.26006689453125,2.3429291715631595,-0.011535222454894556,-0.916581680734301,0.06892677701785349,-0.3826559179502419,-0.11541003310687177,0.22221785796331658
1760657145730101000,2.27010107421875,2.341679827530121,-0.013816295926906702,-0.9163330768192929,0.06388924862817655,-0.3835362344441149,-0.11420522933802325,0.2217100725359442
1760657145740134700,2.280134765625,2.3391241537460927,-0.01607617815548143,-0.9159376362521402,0.05793230790547318,-0.3851541891526674,-0.11160716628906459,0.21857015960565745
1760657145750167800,2.290167724609375,2.3359974401845958,-0.017612961878481707,-0.915520228263651,0.052724674637228144,-0.38704755471518576,-0.10819765565324212,0.2133635726434032
1760657145760202000,2.300201904296875,2.3328278193495153,-0.01822367880996717,-0.9151385187076707,0.04912676078781031,-0.38888741713913666,-0.10467130176394114,0.20723147243346685
1760657145770236000,2.31023583984375,2.329894050655152,-0.018366871522815104,-0.9147861321707834,0.046674314669990384,-0.39053391466112136,-0.10154932065791544,0.20149835308158287
1760657145780269800,2.320269775390625,2.327298463156349,-0.01851058139347536,-0.9144292222496265,0.04489004480842024,-0.3919328032626848,-0.09932363261868485,0.1974389396671333
1760657145790303700,2.3303037109375,2.324467240796573,-0.018943409755175472,-0.9139292475886501,0.043516104671782824,-0.3933447223024037,-0.09825661677412281,0.19574949641092748
1760657145800337700,2.340337646484375,2.32130688195886,-0.019826667372396373,-0.9132762634573675,0.04209936155772548,-0.39484606464717775,-0.09813226131786877,0.1961562005549208
1760657145810371800,2.350371826171875,2.3186417478257875,-0.021123110507289357,-0.9126753268506406,0.040119130007432155,-0.39612193493171144,-0.09831065486608385,0.19746688319928718
1760657145820405800,2.36040576171875,2.3171701300415704,-0.02263604187068329,-0.9123035527988935,0.03750548570048347,-0.39688627294099343,-0.09834144222549827,0.1987074323610285
1760657145830439700,2.370439697265625,2.3171538966721705,-0.02429049229187454,-0.9122420418601713,0.034068977157875366,-0.3970502833504123,-0.09785516948403565,0.19913785026917882
1760657145840473900,2.380473876953125,2.318354674222585,-0.02588227952354818,-0.9124581870434391,0.030173768116702148,-0.3967092017544395,-0.09680862221133585,0.19850419104769745
1760657145850507800,2.3905078125,2.320592988414356,-0.02716623257665023,-0.9129003850796553,0.026658313889871388,-0.39588492864103453,-0.09565587270875908,0.19743822354229212
1760657145860541000,2.400541015625,2.3234443792003843,-0.028289515808481096,-0.913457186425706,0.02352714883542353,-0.394753778538497,-0.09468486854953978,0.19657957785513175
1760657145870574600,2.41057470703125,2.3264909896751087,-0.029400878541672986,-0.9140249021851715,0.020696956166890535,-0.39350006681636573,-0.09408376375078524,0.19638826430002398
1760657145880608800,2.42060888671875,2.3294042321724118,-0.030567789362851597,-0.9145241951269875,0.018200339877549033,-0.3922660988895888,-0.09401339565772367,0.1972123348572427
1760657145890643000,2.430642822265625,2.3318668418538175,-0.03168182765395324,-0.9149067606316846,0.01618322731106335,-0.39119814340753445,-0.0943712403035089,0.19877593375476352
1760657145900676600,2.440676513671875,2.333842850058497,-0.03243579842126109,-0.9152114448123052,0.014924230747061463,-0.39032161567811013,-0.09478971624684088,0.20015991215266146
1760657145910710800,2.450710693359375,2.3355967477280974,-0.03267702558507841,-0.9155246604802854,0.014410510652530907,-0.3895327105936044,-0.0949268796012721,0.2006163317125363
1760657145920745000,2.460744873046875,2.33713482219629,-0.032563903458269386,-0.9158390204909223,0.014344358252368497,-0.38883997503316164,-0.094773952413734,0.20025542958307652
1760657145930778600,2.470778564453125,2.3383121888160834,-0.032442017049939674,-0.9160892917903874,0.014271578134240773,-0.38831579584558834,-0.09454535961369194,0.19974507248024265
1760657145940812800,2.480812744140625,2.3390706967132755,-0.03239900163631769,-0.9162429532429989,0.014216660190267207,-0.38797464080898286,-0.09447100139215345,0.19957905661967024
1760657145950847000,2.490846923828125,2.3395103213758133,-0.032264983617206346,-0.9163237847864654,0.01455894367630263,-0.38775195746036656,-0.09464703126716083,0.19980301949142437
1760657145960879900,2.5008798828125,2.3398935057913164,-0.031999648938518775,-0.9163805123150508,0.015393120688889064,-0.38752086302147265,-0.09513277998187251,0.20049732157583286
1760657145970913800,2.510913818359375,2.340698816767531,-0.031651108817208444,-0.9164983616215253,0.016617040580493264,-0.3870634822772625,-0.09597328681580444,0.20178731174564343
1760657145980947700,2.52094775390625,2.3418972198140837,-0.031236528051025364,-0.9166752972634312,0.018138356697609565,-0.3863993289609262,-0.09708927305672854,0.20354072396815717
1760657145990982000,2.53098193359375,2.343187013722162,-0.03066834077843118,-0.916862404013215,0.020104118229199143,-0.38566250199945584,-0.09842380544176627,0.20558250352655272
1760657146001015800,2.541015869140625,2.344254590457359,-0.029816631301262473,-0.9170116288407337,0.02274158809802656,-0.3849893690338439,-0.09991872103709173,0.20770158512128953
1760657146011049700,2.5510498046875,2.345075588859442,-0.02872062842902362,-0.9171268165303154,0.02585839956766284,-0.3844061418015225,-0.10141665341413292,0.20963677099548073
1760657146021084000,2.561083984375,2.3457834461372316,-0.027641325995642892,-0.9172356481724167,0.028760184384910216,-0.3838939364926069,-0.1026649947086044,0.21112357674592147
1760657146031117800,2.571117919921875,2.346498013032732,-0.026731922452950974,-0.9173571802051231,0.031098427198079336,-0.38341744541869954,-0.10359688614254682,0.21215765425664249
1760657146041151700,2.58115185546875,2.347361887691546,-0.02587124623100385,-0.917520559833208,0.03314377974462004,-0.38289721929572373,-0.10429051519268925,0.21279168708223214
1760657146051186000,2.59118603515625,2.348488117040828,-0.024683289827836623,-0.917762894526435,0.03564788540071498,-0.3822465691421088,-0.10483091270285605,0.2128946190224978
1760657146061219800,2.6012197265625,2.3497356028476983,-0.023053923484910668,-0.9180661154032081,0.0388018875175117,-0.38152595960617447,-0.10517154337798892,0.21229118564600855
1760657146071252700,2.611252685546875,2.35094621961138,-0.021117716191619104,-0.9183877722865192,0.04240178726170118,-0.38081454138891035,-0.10534806166239111,0.2111501153999821
1760657146081287000,2.621286865234375,2.3520761729191904,-0.01916747787475281,-0.9186922553692384,0.04601534859126004,-0.3801415384447596,-0.10549632274731373,0.2099489983765947
1760657146091320800,2.63132080078125,2.3529475279703975,-0.01752387177166487,-0.918921477620242,0.049159206732016306,-0.3795999860547008,-0.10573585663573686,0.2091515577798239
1760657146101354800,2.641354736328125,2.3533172650201837,-0.016596092463017926,-0.9190201063654297,0.05101427362343028,-0.3793411666134573,-0.10595773238854002,0.2088609463099926
1760657146111389000,2.651388916015625,2.3530669332167125,-0.01674923687245799,-0.9189655897184301,0.050756261626626796,-0.3794662235897871,-0.10595761545410193,0.20897196971674437
1760657146121422800,2.6614228515625,2.3521724922104643,-0.018149021792880395,-0.9187507627726182,0.04801589290040829,-0.38000692686912746,-0.10565235716801111,0.2094581011822558
1760657146131456800,2.671456787109375,2.3506604575834986,-0.020717318739143294,-0.9183732850425839,0.042987292882128415,-0.38093779284204127,-0.10510762371862686,0.2103887429449046
1760657146141490700,2.68149072265625,2.348423006998381,-0.02376978058895894,-0.9178160904754146,0.03721358204986082,-0.38222408870925395,-0.10465807244105226,0.21186594851691365
1760657146151524900,2.69152490234375,2.3457201372513046,-0.02672768226486144,-0.9171462885362264,0.03185503456571524,-0.3836914347823641,-0.10444773909425738,0.213721385463667
1760657146161558800,2.701558837890625,2.342923116345649,-0.029483194944118395,-0.9164627798756323,0.02684807049370834,-0.3851900852366767,-0.10418921469443757,0.2153448679067456
1760657146171593200,2.71159326171875,2.3401854513414144,-0.03191534240962183,-0.9158317353953044,0.022120125751499742,-0.38667265818679125,-0.10352760480891977,0.2159846581820528
1760657146181626000,2.721626220703125,2.3374461929027066,-0.03389578481025056,-0.9152523989124388,0.017919929238591006,-0.3881538849955585,-0.10247311755073607,0.21555651212332932
1760657146191660300,2.731660400390625,2.334305350562263,-0.03552027765870943,-0.9146285144178528,0.014268961671518055,-0.38980269232440135,-0.10122710153266096,0.21450335003270715
1760657146201694000,2.74169384765625,2.330566557655073,-0.03692120289872177,-0.9138986023330828,0.011095653902572259,-0.3917004688940742,-0.09998516558851124,0.2132902287736152
1760657146211728100,2.75172802734375,2.3261213217028,-0.03838302114010638,-0.9130064600716168,0.008031096570529899,-0.393901807603796,-0.09893111187809468,0.21248306731972647
1760657146221762300,2.76176220703125,2.3208245561591894,-0.0400986531092326,-0.9119050382278786,0.004757224840711585,-0.3964840357542855,-0.09809063710321941,0.2122865238548996
1760657146231796000,2.7717958984375,2.31478385072722,-0.04216622412053575,-0.9106129257636999,0.0009800604581927353,-0.399415244643751,-0.09733256892748092,0.21254494417830694
1760657146241830100,2.781830078125,2.3081178950680923,-0.04447718454053861,-0.9091671208254021,-0.0032258136432139093,-0.4026438791699698,-0.09651385034585559,0.21291643321661982
1760657146251864300,2.7918642578125,2.3010656098838966,-0.04673295296647171,-0.9076255548159334,-0.00722305638262941,-0.4060288589874605,-0.09577265169386504,0.21341767470476353
1760657146261898000,2.80189794921875,2.293754720132486,-0.04865736639688629,-0.9060148313735694,-0.010264437963140048,-0.4094700411429215,-0.09541516115431306,0.2143809292300646
1760657146271932200,2.81193212890625,2.286381407519328,-0.05028124441534524,-0.9043754824151887,-0.012446349899043703,-0.41288398571552365,-0.09541278101956739,0.2157689395349103
1760657146281965000,2.821965087890625,2.2788365818244625,-0.05183099674735281,-0.9026903522425672,-0.014446734959690604,-0.4163609405067979,-0.09543128911158714,0.21715325672535896
1760657146291999000,2.8319990234375,2.2706910909059754,-0.05329960919788823,-0.9008774039452516,-0.016285934570140544,-0.42009814305548554,-0.09537570065785796,0.21835682706588175
1760657146302033200,2.842033203125,2.261648876433861,-0.0547098695822962,-0.8988729702463927,-0.01801538448480384,-0.4242305169361771,-0.09519769879675752,0.21931437183746338
1760657146312067000,2.852067138671875,2.2514734174843793,-0.0560485423861581,-0.8966255203003064,-0.019618122270685892,-0.42886193332556444,-0.09486137022971715,0.21995368419705066
1760657146322101000,2.86210107421875,2.2403568277226915,-0.05723538755888892,-0.8941723171299115,-0.02092145321214759,-0.43389367816252455,-0.09442673603204406,0.22031363954224834
1760657146332135200,2.87213525390625,2.2285233165628924,-0.05840609848059472,-0.8915428817221307,-0.02221106863663386,-0.43923371844985243,-0.09388112133225827,0.22048811426945897
1760657146342169000,2.882169189453125,2.2162256728163623,-0.05954078790661542,-0.8887759321170612,-0.02330484952425968,-0.44475210429669243,-0.09342272752688742,0.22081563334401302
1760657146352203000,2.892203125,2.203524081848645,-0.06056710830776173,-0.8858746260582829,-0.02388046716521087,-0.4503985736755228,-0.0932679536498499,0.2216157107134543
1760657146362237200,2.9022373046875,2.1903965881449743,-0.06144935416617492,-0.8828275532423481,-0.02374567402829771,-0.45616786613879023,-0.0935436751320316,0.2230738084219434
1760657146372271000,2.91227099609375,2.1772500592042854,-0.06240805983886472,-0.879714490120011,-0.023498391129558434,-0.4619085332942658,-0.09406496649547587,0.22504913549078462
1760657146382305000,2.922304931640625,2.164541191163947,-0.06351894389634148,-0.8766472238634239,-0.02352582203886524,-0.4674445794440772,-0.09460837662068824,0.22720938720247744
1760657146392338000,2.932337890625,2.15236256766363,-0.06443056560615534,-0.8736826512905482,-0.023129499199318313,-0.4727076251242981,-0.09526189319905579,0.22937708315027447
1760657146402372000,2.9423720703125,2.1406156585981497,-0.06497546206208243,-0.870819304135296,-0.021973218770790344,-0.47772911251642947,-0.09605666937450374,0.23143792191744814
1760657146412406300,2.95240625,2.1291135910449923,-0.0652466455329832,-0.8680176531537207,-0.020367526941665267,-0.48261124404774713,-0.09682275884672675,0.23317242767231963
1760657146422440000,2.96243994140625,2.1177353103434244,-0.06533779112544885,-0.8652424002114175,-0.018496347310096847,-0.48741573527924215,-0.09753221515892896,0.2346178795352422
1760657146432474000,2.97247412109375,2.106787782810095,-0.06534824308509073,-0.8625543742406174,-0.016513962514804203,-0.49201341554321754,-0.09824655304861593,0.2359743176505757
1760657146442508300,2.98250830078125,2.0966940359522743,-0.06531121405758107,-0.8600653752201093,-0.014680267867958216,-0.49624308241016674,-0.09881696763723363,0.23701135116271133
1760657146452542000,2.9925419921875,2.0875604989200993,-0.0651217181606044,-0.8578280859469366,-0.01299979985815909,-0.5000739716098105,-0.0990767859431354,0.2373348786914457
1760657146462576000,3.002576171875,2.0794309033505582,-0.06477320290628442,-0.8558601221747514,-0.011503281572076623,-0.5034947008126733,-0.09899989034613177,0.23689558052936316
1760657146472610000,3.012610107421875,2.072243554743333,-0.06440959540818206,-0.854136197058462,-0.010474787525978762,-0.5065470497557459,-0.09855389108167216,0.2357886356735019
1760657146482644000,3.02264404296875,2.0659785599063683,-0.06408665781741281,-0.8526398293088645,-0.00985492846667652,-0.5092299985390883,-0.09789315905367782,0.23434394256578123
1760657146492677000,3.032677001953125,2.0608226249697172,-0.06396534917139032,-0.8513898549539656,-0.009679813469699677,-0.5114505452831579,-0.09727351612004063,0.23317277469665584
1760657146502711000,3.0427109375,2.0565666713745507,-0.06410398575633078,-0.850323172996201,-0.009870225488595698,-0.5132866307895223,-0.09684055011007917,0.2325904248351328
1760657146512745200,3.0527451171875,2.05264785460818,-0.06427450950351804,-0.8493226703501351,-0.009929195518193525,-0.514959494310353,-0.09662656489028633,0.23241863912164498
1760657146522779000,3.06277880859375,2.048466748131975,-0.06440419409322042,-0.8482582280283046,-0.009924727381219385,-0.5167412742825729,-0.09637747469490447,0.23214610008665365
1760657146532813000,3.07281298828125,2.0435554234410023,-0.06450714169998154,-0.8470152414673693,-0.009972697827563274,-0.5188416788370814,-0.09595478613729594,0.2315519398802912
1760657146542847200,3.08284716796875,2.0378437447004796,-0.06476227084382273,-0.8455537700148157,-0.010378432432567003,-0.5212983559953044,-0.09535514509482323,0.23082090628528265
1760657146552881000,3.092880859375,2.0317807883833643,-0.06556648619388075,-0.8439444200908228,-0.011902007659054028,-0.5239452592379172,-0.09455332610768308,0.2303332684423828
1760657146562915000,3.1029150390625,2.0258467824237956,-0.0670338661059794,-0.8422879011763066,-0.014624556150508936,-0.5265705725795365,-0.09370664573812804,0.23048740925173475
1760657146572949200,3.11294921875,2.0201147687419247,-0.06893948559138065,-0.8406173269937129,-0.017982658423034106,-0.5291157461192674,-0.09298608995957683,0.23134343147011519
1760657146582983000,3.12298291015625,2.01461242785421,-0.07075677275254337,-0.8389918406046533,-0.020924943976751816,-0.5315295215575215,-0.09253357605854638,0.23257962637346832
1760657146593017000,3.13301708984375,2.009453726855431,-0.07221524761574966,-0.8374747042214831,-0.02299285026752186,-0.5337518398796542,-0.092357683866058,0.2339117308878944
1760657146603050000,3.143050048828125,2.0048118191753344,-0.07336828361669867,-0.8361155869590589,-0.024447240770776223,-0.5357284921783035,-0.09231978023268295,0.23515217417735154
1760657146613084200,3.153084228515625,2.0009416161840226,-0.07420355956576748,-0.8349879165903128,-0.025332786277863784,-0.5373577508052901,-0.09238866852689524,0.2362254308268342
1760657146623118000,3.1631181640625,1.9981715895103587,-0.0746550571753268,-0.8341860305530474,-0.02549263351214516,-0.5384955069575609,-0.09264345422779273,0.23718418165296315
1760657146633152000,3.173152099609375,1.9965909600882064,-0.07501887479844573,-0.8337087619310292,-0.02563004319042652,-0.5391378004837071,-0.09291063404302043,0.23805388456700743
1760657146643186200,3.183186279296875,1.9960912021799946,-0.07559823802914958,-0.8334987152112027,-0.026412529725010746,-0.5393595428863711,-0.09303880732429264,0.23891101679571494
1760657146653220000,3.19322021484375,1.996352896757771,-0.0763114949209912,-0.8334704213408847,-0.027435996142309026,-0.539268197763686,-0.09323804955996318,0.24002513154169464
1760657146663254000,3.20325390625,1.9970999423114328,-0.07699873854506037,-0.8335575625055474,-0.02812727606957183,-0.5389460231998138,-0.09375641949612558,0.24164388542573106
1760657146673288200,3.2132880859375,1.9982824026708774,-0.07759380116808974,-0.8337575562330775,-0.028435386431410182,-0.5384153073135725,-0.09453357821887304,0.2435934626423346
1760657146683322000,3.223322021484375,1.9999094737398648,-0.07799216520131419,-0.8340914482173276,-0.02831115210593636,-0.5376775631846156,-0.09545408672111756,0.24556472772770366
1760657146693356000,3.23335595703125,2.002145693864341,-0.07800147719310097,-0.8346209081365722,-0.027326311476398173,-0.536643289031563,-0.09663147752377871,0.24753953903368608
1760657146703390200,3.24339013671875,2.0051863837536774,-0.07748941351184911,-0.835405244978268,-0.025124662041680672,-0.5352084511879875,-0.0982110268428802,0.2496223087328856
1760657146713423000,3.253423095703125,2.0090138721980626,-0.07647719781043825,-0.8364409700626487,-0.02188751877887088,-0.5333910652381318,-0.10005858693459041,0.25161735573663574
1760657146723457000,3.26345703125,2.01352347111395,-0.07504709343974351,-0.8376958924304987,-0.017935712048485288,-0.5312537407648547,-0.10199543531371755,0.25332106764426887
1760657146733491200,3.2734912109375,2.018633406981749,-0.07333550105876771,-0.839133804915002,-0.013611196307437397,-0.5288468742442434,-0.10390996348807309,0.2547001330666743
1760657146743525000,3.283525146484375,2.0239885290606323,-0.07163421716677633,-0.8406292594668859,-0.0094652875887776,-0.5263426392828001,-0.1057094270944427,0.25591752819263475
1760657146753559000,3.29355908203125,2.0290012744697097,-0.07023748529863882,-0.8419987775822708,-0.005990906396186035,-0.5240080677768754,-0.10733224129367501,0.2571830361361085
1760657146763593200,3.30359326171875,2.0332266176502514,-0.06921798556506412,-0.8431244548269738,-0.003286221483124225,-0.5220380925723878,-0.10874851672334641,0.2585157635953395
1760657146773627100,3.313627197265625,2.0365527584458096,-0.06843929015228734,-0.8439960685229627,-0.0010727842762295002,-0.5204707960427828,-0.10998523255737352,0.2598085288706522
1760657146783661000,3.3236611328125,2.0393193067376325,-0.0678163707881181,-0.8447189332001402,0.0006536562811483838,-0.5191737748427028,-0.11094849341634204,0.2608041057497946
1760657146793695200,3.3336953125,2.0417218125905516,-0.06734815522701414,-0.8453490689294703,0.0017933429965769725,-0.5180757213627718,-0.11156461309524401,0.26137073219119167
1760657146803729200,3.343729248046875,2.0438177976204446,-0.06691355474966058,-0.8459101122427419,0.002661013622283071,-0.5171345077392426,-0.11194012974148737,0.26156143375576707
1760657146813763000,3.35376318359375,2.0456172398023695,-0.06652016764893619,-0.8463896715200976,0.0034999691494120885,-0.5163178393084387,-0.11231905750969169,0.26180294267162374
1760657146823796000,3.3637958984375,2.0470078186416436,-0.06696197402738183,-0.8466268706360195,0.0036684144170970752,-0.5156397782201847,-0.1133784069536277,0.26409414467181086
1760657146833830100,3.373830078125,2.0482348410882354,-0.06873557795010585,-0.8466651432726598,0.0015396605798363371,-0.5151135120059367,-0.11441831103924234,0.2677489241619219
1760657146843864300,3.3838642578125,2.049561121762552,-0.07005179414602053,-0.8467859962804709,0.00004228747868029571,-0.5145348500961711,-0.115326011606041,0.270694884888885
1760657146853898000,3.39389794921875,2.0509538447422604,-0.07072519380517922,-0.84701860182274,-0.0006937096112172546,-0.5139273626238066,-0.11591422246128899,0.2724150691553126
1760657146863932200,3.40393212890625,2.0526955794998076,-0.07134649423058423,-0.8473880146959611,-0.0021133868427089695,-0.5132553741087503,-0.11581091028151341,0.2728857227713695
1760657146873966300,3.41396630859375,2.054537972344355,-0.07167100882338567,-0.8478587997727051,-0.003698238826657733,-0.512598489318296,-0.11507200383160576,0.2719460988206197
1760657146884000000,3.424,2.0560232307495,-0.07166318768930008,-0.848301636080502,-0.005011126109943997,-0.512107582481403,-0.11399415124399345,0.27007256664682405
1760657146894034200,3.4340341796875,2.0574143484519736,-0.07159346843433127,-0.848723378036201,-0.00612767974672235,-0.5116415047483519,-0.1129869399441771,0.26825545974303605
1760657146904068000,3.444068115234375,2.0590166867868533,-0.07155980701923359,-0.8491708886343763,-0.006963553743780908,-0.5110469972878414,-0.1123344945351327,0.2670873833415956
